latitude,longitude,intensity
48.862484,2.268196,600
48.841587,2.297334,326
48.875026,2.313639,269
48.885507,2.307829,269
48.854138,2.312202,221
48.830701,2.326614,173
48.848352,2.331171,168
48.890839,2.34379,146
48.842996,2.348651,140
48.828947,2.357334,134
48.859266,2.379445,130
48.868702,2.291096,118
48.854249,2.358935,104
48.839701,2.403404,97
48.869018,2.280486,97
48.865942,2.395917,94
48.856537,2.301854,90
48.876041,2.360697,85
48.850609,2.268681,83
48.861797,2.360735,81
48.842771,2.261754,77
48.860023,2.277298,76
48.883179,2.38434,73
48.863983,2.335914,65
48.840654,2.315635,64
48.844958,2.307854,64
48.878272,2.2899,64
48.834135,2.283016,62
48.856433,2.275778,61
48.854609,2.326174,60
48.883313,2.288845,59
48.873113,2.311076,58
48.885924,2.339681,58
48.88745,2.301691,58
48.868181,2.341629,56
48.877645,2.338341,56
48.880442,2.298328,53
48.847622,2.336509,52
48.850694,2.294804,52
48.876002,2.301597,52
48.891746,2.340815,52
48.8678,2.307609,51
48.832326,2.30076,50
48.870728,2.32071,50
48.849115,2.312849,48
48.89004,2.329922,47
48.885973,2.322486,45
48.892375,2.324801,45
48.841767,2.343759,44
48.853404,2.283249,44
48.844247,2.291405,43
48.8417,2.280609,42
48.856927,2.316859,42
48.824379,2.325898,41
48.821081,2.350867,39
48.846417,2.322947,38
48.840554,2.297554,37
48.858809,2.384166,36
48.883308,2.311715,36
48.837553,2.305093,35
48.838585,2.327954,35
48.83202,2.329382,33
48.867818,2.259206,33
48.848997,2.375276,32
48.853865,2.376571,32
48.87749,2.311566,32
48.887293,2.351562,32
48.833778,2.319536,31
48.895126,2.35418,31
48.847347,2.287034,30
48.848714,2.345922,30
48.828111,2.312588,29
48.843457,2.332667,29
48.854334,2.339916,29
48.880443,2.331205,29
48.841093,2.354921,28
48.834718,2.348324,27
48.854881,2.333321,27
48.847425,2.35205,26
48.852081,2.391329,26
48.866056,2.357123,26
48.878347,2.319699,26
48.889418,2.361881,26
48.856141,2.359677,24
48.863681,2.36284,24
48.837101,2.360358,21
48.862631,2.345419,21
48.866316,2.378978,21
48.82375,2.337326,20
48.865274,2.336488,20
48.865985,2.346034,20
48.828441,2.350149,19
48.872676,2.39716,19
48.873086,2.330193,19
48.852313,2.365768,18
48.864028,2.370579,18
48.874499,2.343404,18
48.880241,2.345876,18
48.821964,2.364885,17
48.845545,2.394622,17
48.859068,2.407262,17
48.867292,2.328761,17
48.878955,2.339356,17
48.868045,2.403069,16
48.881378,2.362574,16
48.83577,2.29846,15
48.836334,2.396466,15
48.859022,2.363797,15
48.859444,2.352668,15
48.872339,2.370514,15
48.867714,2.348946,14
48.85733,2.397697,13
48.85858,2.2847,13
48.868547,2.336274,13
48.880796,2.324719,13
48.844049,2.409017,12
48.874007,2.352012,12
48.896414,2.383298,12
48.84203,2.27755,11
48.843003,2.387709,11
48.850586,2.408279,11
48.862338,2.333114,11
48.862718,2.354792,11
48.866539,2.297681,11
48.831548,2.431396,10
48.870925,2.385077,10
48.88045,2.3538,10
48.881019,2.376571,10
48.888514,2.380757,10
48.89199,2.31929,10
48.89914,2.338181,10
48.829612,2.362636,9
48.851471,2.356803,9
48.851675,2.356722,9
48.871092,2.360312,9
48.877586,2.365531,9
48.826554,2.376698,7
48.829903,2.371687,7
48.8387,2.403614,7
48.842162,2.292766,7
48.850353,2.329723,7
48.874348,2.286345,7
48.888359,2.370416,7
48.891541,2.308824,7
48.895717,2.32025,7
48.834156,2.388087,6
48.86786,2.27528,6
48.877326,2.386319,6
48.881102,2.397637,6
48.830759,2.359204,5
48.83706,2.28412,5
48.84216,2.29277,5
48.84229,2.26441,5
48.84992,2.40111,5
48.854336,2.313403,5
48.866782,2.372922,5
48.87187,2.31764,5
48.885491,2.387992,5
48.898297,2.364962,5
48.82546,2.33141,4
48.84095,2.28056,4
48.842201,2.278372,4
48.84349,2.35183,4
48.84486,2.31056,4
48.8487,2.3325,4
48.853093,2.248763,4
48.8709,2.31155,4
48.87244,2.30977,4
48.8875,2.33528,4
48.88789,2.30433,4
48.891986,2.319287,4
48.83575,2.28713,3
48.84083,2.26627,3
48.84541,2.2825,3
48.848106,2.279001,3
48.85188,2.33448,3
48.853613,2.347903,3
48.85436,2.29599,3
48.8548,2.38571,3
48.85553,2.3251,3
48.85651,2.2767,3
48.856576,2.27212,3
48.85795,2.31554,3
48.85796,2.32916,3
48.85888,2.36452,3
48.86008,2.28046,3
48.86102,2.40518,3
48.86359,2.35546,3
48.866,2.34888,3
48.86718,2.27826,3
48.86737,2.27396,3
48.86829,2.27387,3
48.869929,2.284454,3
48.87193,2.28277,3
48.874715,2.378013,3
48.88266,2.28651,3
48.88384,2.33667,3
48.88956,2.30677,3
48.89148,2.38098,3
48.82356,2.35542,2
48.82537,2.35275,2
48.828,2.35561,2
48.82839,2.33273,2
48.829365,2.426541,2
48.83071,2.32368,2
48.831441,2.325568,2
48.83145,2.32261,2
48.83207,2.29325,2
48.83302,2.34744,2
48.83427,2.30674,2
48.83439,2.29981,2
48.83581,2.2896,2
48.8373,2.32274,2
48.84008,2.25787,2
48.84008,2.352115,2
48.84073,2.28425,2
48.84123,2.33576,2
48.84144,2.2664,2
48.84149,2.27772,2
48.842163,2.292767,2
48.842384,2.277982,2
48.84277,2.26925,2
48.84281,2.25737,2
48.84281,2.31215,2
48.84369,2.34056,2
48.84492,2.32139,2
48.8466,2.32763,2
48.84679,2.30254,2
48.84707,2.34093,2
48.84734,2.29901,2
48.84747,2.31345,2
48.84748,2.32991,2
48.84777,2.32319,2
48.84832,2.26595,2
48.84886,2.33542,2
48.8489,2.26665,2
48.84945,2.26878,2
48.84947,2.33904,2
48.85045,2.3534,2
48.85145,2.29993,2
48.85159,2.31906,2
48.8516,2.35428,2
48.85354,2.29152,2
48.85357,2.34171,2
48.85397,2.36466,2
48.85418,2.2759,2
48.8546,2.36813,2
48.85546,2.26915,2
48.85582,2.33668,2
48.85583,2.37523,2
48.85595,2.30237,2
48.85595,2.36229,2
48.85621,2.38724,2
48.85636,2.27193,2
48.85729,2.30613,2
48.85781,2.2798,2
48.857975,2.315157,2
48.85822,2.3522,2
48.85869,2.32339,2
48.85934,2.37572,2
48.85992,2.31661,2
48.860001,2.34445,2
48.860058,2.381546,2
48.86161,2.27856,2
48.86171,2.3222,2
48.86188,2.28337,2
48.862236,2.280253,2
48.86256,2.33583,2
48.86262,2.34072,2
48.86262,2.35978,2
48.8632,2.36293,2
48.86355,2.34069,2
48.86379,2.36605,2
48.86407,2.38082,2
48.86414,2.40255,2
48.86496,2.31032,2
48.86544,2.35606,2
48.8655,2.25816,2
48.865904,2.289504,2
48.866,2.37878,2
48.866099,2.387621,2
48.86628,2.29693,2
48.86651,2.28617,2
48.866569,2.326094,2
48.86657,2.30561,2
48.86669,2.32836,2
48.86686,2.28047,2
48.867,2.27907,2
48.867262,2.299293,2
48.86783,2.28563,2
48.86806,2.28088,2
48.86823,2.28446,2
48.86849,2.38888,2
48.86862,2.27758,2
48.86864,2.34841,2
48.86881,2.32184,2
48.86934,2.32012,2
48.86949,2.31968,2
48.8698,2.3186,2
48.869867,2.284491,2
48.87001,2.40308,2
48.870121,2.283998,2
48.87025,2.35008,2
48.870544,2.284169,2
48.8708,2.283113,2
48.87081,2.31774,2
48.870939,2.284813,2
48.870955,2.281216,2
48.87123,2.32001,2
48.87135,2.31538,2
48.871872,2.317643,2
48.87217,2.3916,2
48.87219,2.30504,2
48.87274,2.30915,2
48.872763,2.272776,2
48.872772,2.323845,2
48.87318,2.30554,2
48.87418,2.3251,2
48.874469,2.283952,2
48.874722,2.308544,2
48.87475,2.28622,2
48.87598,2.29538,2
48.87669,2.29549,2
48.87758,2.349805,2
48.87827,2.31556,2
48.87882,2.35134,2
48.87968,2.3331,2
48.88045,2.35765,2
48.8812,2.34638,2
48.88128,2.34248,2
48.88132,2.31761,2
48.88245,2.30135,2
48.88251,2.31469,2
48.88415,2.342,2
48.88471,2.29042,2
48.88586,2.3092,2
48.88732,2.37891,2
48.887371,2.304729,2
48.88758,2.34779,2
48.88854,2.30126,2
48.89039,2.33596,2
48.89065,2.363,2
48.89131,2.35299,2
48.89212,2.32327,2
48.89363,2.32425,2
48.89589,2.34464,2
48.89641,2.34436,2
48.89836,2.38446,2
48.708207,2.453597,1
48.81977,2.3457,1
48.82112,2.35629,1
48.82136,2.36802,1
48.822065,2.34666,1
48.82221,2.3548,1
48.82249,2.36047,1
48.822498,2.345697,1
48.82252,2.35661,1
48.82322,2.33431,1
48.82355,2.3479,1
48.82375,2.34129,1
48.82378,2.32908,1
48.82391,2.3493,1
48.82401,2.32287,1
48.82415,2.35502,1
48.82434,2.34007,1
48.82463,2.32462,1
48.82494,2.32045,1
48.82507,2.34139,1
48.82507,2.35133,1
48.82509,2.34982,1
48.82555,2.34747,1
48.82566,2.34942,1
48.82578,2.34951,1
48.82585,2.32424,1
48.82593,2.34782,1
48.826178,2.329161,1
48.82627,2.33184,1
48.82628,2.31211,1
48.82642,2.32983,1
48.82664,2.33401,1
48.82664,2.35123,1
48.82665,2.339501,1
48.82668,2.35036,1
48.82674,2.310584,1
48.826794,2.348166,1
48.826843,2.356393,1
48.82689,2.33805,1
48.82702,2.34694,1
48.82703,2.3371,1
48.82709,2.35728,1
48.82736,2.35719,1
48.827396,2.368612,1
48.827427,2.3157,1
48.827835,2.330464,1
48.828041,2.34526,1
48.828262,2.314345,1
48.82836,2.32639,1
48.828533,2.36967,1
48.82861,2.30385,1
48.828698,2.324635,1
48.82874,2.3285,1
48.82874,2.37618,1
48.82877,2.37251,1
48.82879,2.33421,1
48.82889,2.32137,1
48.828991,2.320496,1
48.82901,2.32613,1
48.82913,2.38234,1
48.82916,2.33306,1
48.8292,2.30224,1
48.82921,2.32322,1
48.82936,2.33448,1
48.82936,2.42654,1
48.82952,2.33303,1
48.829549,2.318422,1
48.829571,2.322911,1
48.82962,2.314962,1
48.829624,2.320793,1
48.82969,2.33118,1
48.82969,2.33271,1
48.82988,2.31966,1
48.829893,2.314742,1
48.8299,2.34672,1
48.83034,2.31512,1
48.83043,2.34041,1
48.83069,2.31878,1
48.83077,2.32393,1
48.83077,2.34359,1
48.83093,2.32384,1
48.83094,2.3035,1
48.830959,2.353002,1
48.8312,2.33006,1
48.83133,2.32734,1
48.831419,2.322814,1
48.83144,2.31947,1
48.83144,2.325568,1
48.83144,2.34369,1
48.83145,2.30405,1
48.83148,2.34354,1
48.8315,2.32182,1
48.831609,2.322822,1
48.831676,2.375289,1
48.83172,2.34642,1
48.83173,2.29693,1
48.8318,2.30627,1
48.832146,2.290284,1
48.83218,2.3294,1
48.83241,2.32262,1
48.83244,2.28944,1
48.83257,2.30117,1
48.83275,2.31796,1
48.83279,2.32485,1
48.83285,2.32298,1
48.83286,2.35118,1
48.8329,2.31995,1
48.8329,2.33097,1
48.83291,2.32407,1
48.83314,2.29159,1
48.8332,2.29634,1
48.83346,2.32431,1
48.833488,2.296032,1
48.833504,2.315664,1
48.83353,2.35974,1
48.83354,2.31806,1
48.833701,2.28637,1
48.83371,2.29824,1
48.8338,2.32325,1
48.83382,2.3984,1
48.833824,2.287216,1
48.83388,2.35515,1
48.83391,2.29511,1
48.83402,2.39455,1
48.83416,2.295463,1
48.83423,2.31873,1
48.83437,2.34527,1
48.83443,2.29947,1
48.834431,2.2908,1
48.83445,2.28841,1
48.83453,2.32855,1
48.83456,2.29004,1
48.83458,2.32135,1
48.83463,2.32501,1
48.83477,2.35476,1
48.83482,2.28876,1
48.83486,2.28406,1
48.83499,2.30462,1
48.83518,2.32182,1
48.8352,2.32546,1
48.83537,2.30184,1
48.83539,2.34498,1
48.8354,2.32887,1
48.83552,2.32278,1
48.835586,2.316973,1
48.83565,2.30002,1
48.83569,2.32231,1
48.83579,2.40254,1
48.83593,2.3923,1
48.83597,2.32534,1
48.83599,2.28977,1
48.83612,2.39541,1
48.83613,2.30287,1
48.83615,2.32539,1
48.83615,2.35796,1
48.83629,2.28138,1
48.83629,2.30034,1
48.83634,2.29986,1
48.83638,2.32474,1
48.836392,2.299436,1
48.83641,2.32269,1
48.836514,2.295333,1
48.8366,2.30472,1
48.83676,2.34521,1
48.836769,2.292616,1
48.8368,2.284,1
48.83692,2.347,1
48.83699,2.40458,1
48.8372,2.27846,1
48.83721,2.33693,1
48.837215,2.261754,1
48.83736,2.32185,1
48.83738,2.29996,1
48.837478,2.282692,1
48.837547,2.35171,1
48.837593,2.289363,1
48.83763,2.33585,1
48.8379,2.31103,1
48.83797,2.25882,1
48.83811,2.29928,1
48.83817,2.287946,1
48.8382,2.40268,1
48.83833,2.28091,1
48.83833,2.28722,1
48.83835,2.26043,1
48.83843,2.25838,1
48.83844,2.3048,1
48.8385,2.26087,1
48.83853,2.2918,1
48.83853,2.33221,1
48.83861,2.39884,1
48.83863,2.31412,1
48.83874,2.30403,1
48.83884,2.29091,1
48.83891,2.28276,1
48.83904,2.34587,1
48.83906,2.29068,1
48.839226,2.282982,1
48.839272,2.400408,1
48.83937,2.3551,1
48.8394,2.26272,1
48.83951,2.34003,1
48.83951,2.40417,1
48.83952,2.39329,1
48.83955,2.33917,1
48.83958,2.28384,1
48.839687,2.34028,1
48.8397,2.25769,1
48.83971,2.33662,1
48.83972,2.26676,1
48.83974,2.33235,1
48.83984,2.30221,1
48.83992,2.26539,1
48.839991,2.295411,1
48.84002,2.34674,1
48.84018,2.26289,1
48.84024,2.29946,1
48.84031,2.29861,1
48.84039,2.30871,1
48.8405,2.28789,1
48.84053,2.34657,1
48.84064,2.26318,1
48.840774,2.352706,1
48.84083,2.35179,1
48.84092,2.26627,1
48.84103,2.40576,1
48.841118,2.352752,1
48.84112,2.26736,1
48.84113,2.38603,1
48.84117,2.35628,1
48.84118,2.26481,1
48.84119,2.30257,1
48.84124,2.281321,1
48.84128,2.27782,1
48.8413,2.35384,1
48.84139,2.26434,1
48.84146,2.40127,1
48.84147,2.35056,1
48.84155,2.323017,1
48.84158,2.35213,1
48.84159,2.32724,1
48.84162,2.31318,1
48.84165,2.26411,1
48.84168,2.25789,1
48.84168,2.28139,1
48.84171,2.2909,1
48.84174,2.31452,1
48.84175,2.308793,1
48.84184,2.26229,1
48.84185,2.2664,1
48.84189,2.32269,1
48.84194,2.26428,1
48.84196,2.2762,1
48.842008,2.352174,1
48.84206,2.31422,1
48.84211,2.33363,1
48.84212,2.30396,1
48.842125,2.359799,1
48.842129,2.280374,1
48.842148,2.352383,1
48.8422,2.30651,1
48.84225,2.26766,1
48.84234,2.28625,1
48.84241,2.25856,1
48.84243,2.29089,1
48.842542,2.277699,1
48.84255,2.30569,1
48.842606,2.348118,1
48.84263,2.28303,1
48.842648,2.352522,1
48.84266,2.26048,1
48.84269,2.26809,1
48.842712,2.281918,1
48.84293,2.26311,1
48.84293,2.27036,1
48.84293,2.30856,1
48.842979,2.257516,1
48.84299,2.29352,1
48.84301,2.33757,1
48.843044,2.257281,1
48.84307,2.2815,1
48.84312,2.27895,1
48.84313,2.32087,1
48.84314,2.30402,1
48.84329,2.33139,1
48.84331,2.28377,1
48.84336,2.26033,1
48.8434,2.30982,1
48.84349,2.31471,1
48.843491,2.351834,1
48.84355,2.31434,1
48.84358,2.28239,1
48.843697,2.384568,1
48.84373,2.30955,1
48.84398,2.30766,1
48.84405,2.25565,1
48.84409,2.2598,1
48.84414,2.30246,1
48.84414,2.34216,1
48.84418,2.33904,1
48.8442,2.27149,1
48.84428,2.35575,1
48.84429,2.3239,1
48.84437,2.25999,1
48.844397,2.40622,1
48.844635,2.351076,1
48.84468,2.34914,1
48.84469,2.31927,1
48.8448,2.30976,1
48.84481,2.29282,1
48.84485,2.25792,1
48.84494,2.27221,1
48.84505,2.26406,1
48.84512,2.3547,1
48.845213,2.299156,1
48.84524,2.3122,1
48.84545,2.2897,1
48.84548,2.40711,1
48.84549,2.32566,1
48.84552,2.30305,1
48.84561,2.28522,1
48.84564,2.31194,1
48.84565,2.29815,1
48.84585,2.26083,1
48.84585,2.37502,1
48.84585,2.3853,1
48.84591,2.31367,1
48.845916,2.28002,1
48.84601,2.38548,1
48.84604,2.29572,1
48.84615,2.37811,1
48.84618,2.39302,1
48.84623,2.37014,1
48.84628,2.26292,1
48.8463,2.27216,1
48.8464,2.33145,1
48.84644,2.26011,1
48.84649,2.31921,1
48.84652,2.38977,1
48.8466,2.40861,1
48.84666,2.26146,1
48.846687,2.3088,1
48.84669,2.3088,1
48.84675,2.26134,1
48.84677,2.39308,1
48.84692,2.30336,1
48.84694,2.34264,1
48.84709,2.3984,1
48.8471,2.35234,1
48.84711,2.28615,1
48.84713,2.31777,1
48.84715,2.38709,1
48.84721,2.3407,1
48.84732,2.34745,1
48.84738,2.34222,1
48.84748,2.29476,1
48.84749,2.26057,1
48.8475,2.29916,1
48.84752,2.26021,1
48.84754,2.29982,1
48.847549,2.28959,1
48.84755,2.30906,1
48.84757,2.27259,1
48.847614,2.348454,1
48.84766,2.33099,1
48.84777,2.38092,1
48.84789,2.28504,1
48.84789,2.32624,1
48.84802,2.310913,1
48.84804,2.3087,1
48.84809,2.36393,1
48.8481,2.308,1
48.84815,2.37648,1
48.8482,2.27425,1
48.84827,2.31968,1
48.84827,2.34701,1
48.84835,2.2635,1
48.84835,2.26466,1
48.84836,2.32473,1
48.84838,2.38078,1
48.8485,2.37141,1
48.84853,2.26092,1
48.84853,2.31009,1
48.84861,2.30178,1
48.84864,2.36513,1
48.84871,2.28857,1
48.84872,2.32555,1
48.84876,2.3129,1
48.848812,2.262561,1
48.84882,2.27541,1
48.84883,2.40292,1
48.84896,2.34873,1
48.84898,2.35474,1
48.84902,2.34958,1
48.84904,2.31841,1
48.84904,2.34733,1
48.84906,2.32179,1
48.84927,2.26625,1
48.84927,2.26925,1
48.849316,2.346305,1
48.84932,2.32206,1
48.84935,2.37468,1
48.84936,2.26532,1
48.84942,2.32019,1
48.84963,2.26611,1
48.84967,2.39332,1
48.8497,2.28419,1
48.84971,2.35132,1
48.84972,2.26897,1
48.84977,2.30115,1
48.84979,2.39275,1
48.8498,2.27447,1
48.8498,2.28651,1
48.84982,2.26645,1
48.84982,2.26687,1
48.84985,2.31677,1
48.84986,2.3371,1
48.84989,2.34517,1
48.84992,2.29183,1
48.84996,2.31285,1
48.85001,2.26607,1
48.850052,2.260206,1
48.85013,2.40121,1
48.850147,2.260586,1
48.85017,2.29948,1
48.8502,2.26522,1
48.8503,2.3279,1
48.85031,2.31661,1
48.85032,2.25991,1
48.850339,2.283808,1
48.85035,2.31239,1
48.85041,2.27661,1
48.85049,2.29719,1
48.850502,2.388182,1
48.85059,2.28523,1
48.85062,2.34967,1
48.85063,2.27696,1
48.8507,2.39834,1
48.85074,2.27392,1
48.85076,2.37836,1
48.85083,2.31635,1
48.85085,2.36203,1
48.85089,2.3387,1
48.850905,2.298419,1
48.85094,2.27845,1
48.85096,2.36958,1
48.85101,2.27518,1
48.85108,2.39942,1
48.85116,2.26729,1
48.85117,2.35853,1
48.85118,2.28937,1
48.851254,2.284784,1
48.85131,2.34978,1
48.85134,2.33603,1
48.85142,2.33622,1
48.85147,2.27064,1
48.8515,2.33131,1
48.8516,2.31065,1
48.85163,2.34857,1
48.85163,2.36279,1
48.85165,2.27325,1
48.85169,2.345,1
48.85169,2.39955,1
48.85174,2.35675,1
48.85178,2.33815,1
48.85179,2.35649,1
48.85182,2.26456,1
48.85182,2.40169,1
48.85184,2.33738,1
48.85185,2.26891,1
48.85186,2.33466,1
48.85189,2.33045,1
48.85194,2.37793,1
48.85202,2.36758,1
48.85206,2.38943,1
48.85212,2.34161,1
48.85214,2.29352,1
48.852158,2.29973,1
48.852183,2.399291,1
48.85224,2.35749,1
48.85228,2.26019,1
48.85232,2.2746,1
48.85233,2.33448,1
48.85245,2.29116,1
48.85246,2.39136,1
48.85248,2.37412,1
48.8525,2.33277,1
48.85251,2.364,1
48.85253,2.3391,1
48.85257,2.33335,1
48.85258,2.32631,1
48.85258,2.39332,1
48.852623,2.339076,1
48.852637,2.400215,1
48.85268,2.26445,1
48.85269,2.35612,1
48.85275,2.29276,1
48.85281,2.32514,1
48.85281,2.34624,1
48.85282,2.29931,1
48.85287,2.32706,1
48.85289,2.32516,1
48.85293,2.36276,1
48.85306,2.3378,1
48.85315,2.26705,1
48.85315,2.32704,1
48.85315,2.33782,1
48.85318,2.33173,1
48.85318,2.33902,1
48.85321,2.33508,1
48.853248,2.366746,1
48.85325,2.33081,1
48.85335,2.27114,1
48.85335,2.34545,1
48.85336,2.36679,1
48.8534,2.34085,1
48.853428,2.358279,1
48.85343,2.29739,1
48.85346,2.39477,1
48.85353,2.33615,1
48.85359,2.37295,1
48.85365,2.37291,1
48.85378,2.26601,1
48.85381,2.34271,1
48.85382,2.30888,1
48.85384,2.27721,1
48.85387,2.2778,1
48.85389,2.29389,1
48.853944,2.266671,1
48.85398,2.37111,1
48.85407,2.32354,1
48.85412,2.27611,1
48.85413,2.37193,1
48.85421,2.34202,1
48.85422,2.38645,1
48.85431,2.34144,1
48.85431,2.36402,1
48.85432,2.28329,1
48.85432,2.40033,1
48.85433,2.3134,1
48.854334,2.313403,1
48.85437,2.3816,1
48.85439,2.27029,1
48.85442,2.30626,1
48.85449,2.28109,1
48.85452,2.37604,1
48.85459,2.29087,1
48.854591,2.303854,1
48.85466,2.33921,1
48.85468,2.29668,1
48.85469,2.27658,1
48.85481,2.266,1
48.85493,2.39573,1
48.85494,2.35922,1
48.85498,2.39046,1
48.855,2.28264,1
48.855083,2.345992,1
48.855114,2.257791,1
48.85512,2.32651,1
48.855154,2.253781,1
48.85517,2.27331,1
48.8552,2.29486,1
48.85522,2.28045,1
48.85524,2.3249,1
48.85526,2.27164,1
48.85533,2.26898,1
48.85536,2.33387,1
48.85537,2.28057,1
48.85544,2.25736,1
48.855457,2.265946,1
48.85546,2.2952,1
48.85546,2.34293,1
48.8555,2.33775,1
48.8555,2.36039,1
48.85553,2.27361,1
48.85568,2.27728,1
48.85568,2.39014,1
48.85572,2.38166,1
48.85579,2.32608,1
48.85594,2.29458,1
48.85595,2.27831,1
48.85595,2.35954,1
48.85595,2.39467,1
48.85616,2.33007,1
48.85622,2.28265,1
48.85625,2.28439,1
48.85625,2.35671,1
48.85628,2.30741,1
48.85629,2.33671,1
48.85634,2.34303,1
48.85636,2.33561,1
48.85638,2.39495,1
48.856475,2.336059,1
48.85651,2.27963,1
48.85653,2.3639,1
48.85658,2.28493,1
48.85658,2.30615,1
48.85662,2.26442,1
48.85667,2.32421,1
48.85671,2.39661,1
48.85672,2.36359,1
48.85675,2.368,1
48.856752,2.34157,1
48.85677,2.30707,1
48.85683,2.40561,1
48.85684,2.28274,1
48.85686,2.30577,1
48.856864,2.396446,1
48.85689,2.26915,1
48.85689,2.27769,1
48.85692,2.32717,1
48.85692,2.40869,1
48.85693,2.3746,1
48.85698,2.30561,1
48.85703,2.37777,1
48.85707,2.30684,1
48.85716,2.26858,1
48.85728,2.26945,1
48.85737,2.28177,1
48.857407,2.377653,1
48.85743,2.28266,1
48.85752,2.26413,1
48.85753,2.27767,1
48.85755,2.40149,1
48.85757,2.35763,1
48.85757,2.35876,1
48.85764,2.353865,1
48.85766,2.30378,1
48.85774,2.27967,1
48.85776,2.30063,1
48.8578,2.27468,1
48.85785,2.3009,1
48.85785,2.3318,1
48.85787,2.27857,1
48.85798,2.3997,1
48.857993,2.381153,1
48.857994,2.381153,1
48.858,2.31761,1
48.85801,2.317615,1
48.85807,2.39025,1
48.85808,2.27409,1
48.85809,2.27294,1
48.85811,2.35647,1
48.85813,2.28514,1
48.85819,2.34508,1
48.85819,2.34551,1
48.85822,2.35306,1
48.85824,2.35581,1
48.85825,2.3858,1
48.85828,2.3092,1
48.85833,2.32814,1
48.85834,2.32099,1
48.85839,2.28828,1
48.85844,2.28071,1
48.85846,2.35147,1
48.85848,2.28715,1
48.85851,2.31788,1
48.858582,2.284702,1
48.85862,2.32013,1
48.85868,2.30092,1
48.85877,2.38244,1
48.8588,2.30755,1
48.85882,2.32866,1
48.85883,2.30788,1
48.85891,2.27815,1
48.85891,2.33127,1
48.85892,2.30906,1
48.85898,2.35368,1
48.858981,2.30908,1
48.85921,2.35518,1
48.85921,2.36673,1
48.85924,2.35524,1
48.85927,2.35523,1
48.85931,2.28029,1
48.85935,2.268,1
48.85937,2.3504,1
48.85941,2.28671,1
48.85948,2.2792,1
48.85951,2.27444,1
48.85952,2.37756,1
48.859565,2.301588,1
48.85963,2.30338,1
48.85964,2.30793,1
48.85965,2.30774,1
48.85967,2.34612,1
48.85972,2.27754,1
48.85979,2.30094,1
48.85981,2.30621,1
48.85981,2.30815,1
48.85985,2.31496,1
48.85989,2.27231,1
48.85996,2.35397,1
48.85997,2.30266,1
48.859982,2.406641,1
48.85999,2.27842,1
48.85999,2.28139,1
48.860001,2.34,1
48.860012,2.295806,1
48.86006,2.28512,1
48.86014,2.38346,1
48.86025,2.31139,1
48.86025,2.40418,1
48.86026,2.31139,1
48.86027,2.36042,1
48.86031,2.30597,1
48.86035,2.30578,1
48.86049,2.28149,1
48.86058,2.40619,1
48.860598,2.342132,1
48.860757,2.284884,1
48.86085,2.35479,1
48.8609,2.30557,1
48.86094,2.27732,1
48.86097,2.31509,1
48.860973,2.344509,1
48.86098,2.27516,1
48.861004,2.373669,1
48.86103,2.27911,1
48.861076,2.264538,1
48.86117,2.35357,1
48.86117,2.37414,1
48.86128,2.34373,1
48.861303,2.303545,1
48.86132,2.35838,1
48.861333,2.280827,1
48.86134,2.36999,1
48.86137,2.34806,1
48.86149,2.28092,1
48.86153,2.28107,1
48.86153,2.36293,1
48.86158,2.28276,1
48.86162,2.35653,1
48.86168,2.34903,1
48.8617,2.27178,1
48.8617,2.28247,1
48.86171,2.36758,1
48.86183,2.28424,1
48.86186,2.37964,1
48.86193,2.4026,1
48.86197,2.3507,1
48.86229,2.34028,1
48.86233,2.34474,1
48.86236,2.35567,1
48.86252,2.3656,1
48.86255,2.33986,1
48.86267,2.2807,1
48.86276,2.27331,1
48.8629,2.27573,1
48.86294,2.3575,1
48.86317,2.362,1
48.86321,2.40418,1
48.86327,2.35671,1
48.86331,2.3995,1
48.86335,2.335,1
48.86337,2.27685,1
48.86342,2.38917,1
48.86345,2.27442,1
48.863457,2.344067,1
48.86348,2.35911,1
48.86352,2.34907,1
48.86358,2.3473,1
48.86371,2.34001,1
48.863731,2.334461,1
48.863773,2.35865,1
48.86379,2.36279,1
48.863907,2.364012,1
48.86398,2.29072,1
48.86398,2.34556,1
48.86403,2.27584,1
48.864048,2.331053,1
48.86405,2.33105,1
48.86406,2.39863,1
48.86407,2.33357,1
48.86409,2.35883,1
48.8641,2.35577,1
48.86413,2.35553,1
48.8642,2.33328,1
48.8642,2.34716,1
48.86423,2.34554,1
48.86427,2.36007,1
48.8643,2.35785,1
48.86437,2.27498,1
48.86445,2.398,1
48.86461,2.37294,1
48.864856,2.30191,1
48.86488,2.29099,1
48.864887,2.357141,1
48.8649,2.32886,1
48.8649,2.39882,1
48.864975,2.331641,1
48.865017,2.281954,1
48.86503,2.38365,1
48.86504,2.35614,1
48.86505,2.36589,1
48.86507,2.34753,1
48.86507,2.3747,1
48.86516,2.33321,1
48.86519,2.293183,1
48.865257,2.397964,1
48.86526,2.34948,1
48.86527,2.38333,1
48.86532,2.39867,1
48.86537,2.34696,1
48.86558,2.33689,1
48.86561,2.36042,1
48.86564,2.28887,1
48.86565,2.35927,1
48.86566,2.28572,1
48.86568,2.29269,1
48.86569,2.34523,1
48.86572,2.30428,1
48.86572,2.3325,1
48.86572,2.33441,1
48.86581,2.34891,1
48.86584,2.34469,1
48.86586,2.32588,1
48.86597,2.33173,1
48.866,2.288167,1
48.86605,2.27711,1
48.866161,2.287383,1
48.86619,2.34806,1
48.866197,2.304211,1
48.86624,2.33549,1
48.86631,2.27616,1
48.866356,2.333168,1
48.86636,2.38318,1
48.86637,2.27601,1
48.86639,2.28086,1
48.86646,2.34709,1
48.86648,2.35785,1
48.8666,2.34573,1
48.86661,2.29518,1
48.86662,2.36981,1
48.86664,2.28594,1
48.866648,2.33738,1
48.86666,2.28129,1
48.86678,2.33504,1
48.86679,2.3367,1
48.86681,2.3518,1
48.86705,2.3754,1
48.86708,2.30775,1
48.86714,2.35452,1
48.86726,2.2974,1
48.86726,2.30319,1
48.86731,2.34805,1
48.86731,2.3825,1
48.86736,2.27762,1
48.8674,2.38478,1
48.86741,2.27391,1
48.86742,2.40548,1
48.86751,2.35781,1
48.86764,2.33147,1
48.86768,2.27276,1
48.86771,2.35692,1
48.86773,2.39955,1
48.86774,2.29699,1
48.867762,2.368388,1
48.86781,2.35928,1
48.86786,2.28106,1
48.86788,2.33196,1
48.86792,2.29806,1
48.86792,2.39736,1
48.86793,2.33628,1
48.86797,2.2856,1
48.86811,2.39353,1
48.86814,2.35187,1
48.86816,2.32391,1
48.86823,2.30438,1
48.86826,2.40681,1
48.86829,2.28442,1
48.86846,2.2785,1
48.86846,2.34934,1
48.86859,2.30636,1
48.86878,2.39561,1
48.86879,2.29691,1
48.86879,2.29717,1
48.8688,2.32183,1
48.86883,2.33638,1
48.86884,2.32325,1
48.86886,2.29221,1
48.8689,2.29733,1
48.86894,2.28635,1
48.86894,2.40014,1
48.869,2.35133,1
48.86905,2.32386,1
48.8692,2.28393,1
48.86922,2.36846,1
48.86925,2.31692,1
48.86927,2.28996,1
48.86928,2.28897,1
48.86931,2.34952,1
48.86944,2.32995,1
48.869494,2.310033,1
48.869549,2.305482,1
48.8696,2.37711,1
48.86962,2.3222,1
48.86972,2.32697,1
48.86973,2.39247,1
48.86977,2.37471,1
48.869796,2.28477,1
48.86981,2.33111,1
48.86982,2.29786,1
48.86987,2.3959,1
48.86992,2.31148,1
48.86993,2.3348,1
48.86996,2.32682,1
48.86996,2.4001,1
48.87004,2.27831,1
48.87014,2.30989,1
48.87026,2.29591,1
48.87036,2.29272,1
48.87037,2.284595,1
48.87039,2.38855,1
48.870431,2.284255,1
48.87049,2.32119,1
48.87049,2.3841,1
48.870544,2.360823,1
48.87056,2.39863,1
48.870631,2.281368,1
48.87068,2.27584,1
48.870683,2.285082,1
48.8707,2.28943,1
48.870778,2.280724,1
48.87081,2.3178,1
48.870841,2.283783,1
48.870855,2.284727,1
48.870939,2.281058,1
48.87094,2.284134,1
48.870986,2.281208,1
48.870995,2.282066,1
48.87101,2.32053,1
48.87104,2.38982,1
48.87106,2.31814,1
48.87106,2.33861,1
48.87106,2.35986,1
48.87113,2.28623,1
48.87118,2.30802,1
48.87118,2.30949,1
48.871243,2.320088,1
48.871262,2.309732,1
48.871269,2.325142,1
48.87133,2.29518,1
48.87136,2.32709,1
48.87138,2.40339,1
48.87142,2.3139,1
48.87151,2.40455,1
48.87154,2.36684,1
48.87158,2.36361,1
48.87161,2.28679,1
48.871742,2.4035,1
48.87176,2.31128,1
48.87179,2.38536,1
48.87181,2.39735,1
48.87182,2.36031,1
48.87185,2.29148,1
48.87186,2.39595,1
48.871888,2.281938,1
48.87197,2.30877,1
48.87203,2.29267,1
48.8722,2.30462,1
48.87223,2.40599,1
48.872242,2.305089,1
48.87227,2.30708,1
48.87227,2.3261,1
48.872288,2.373615,1
48.87236,2.30693,1
48.8724,2.3239,1
48.87241,2.37375,1
48.87243,2.326,1
48.87243,2.35597,1
48.872444,2.328159,1
48.87246,2.40416,1
48.87252,2.38022,1
48.87254,2.37116,1
48.872635,2.323831,1
48.872723,2.324065,1
48.872765,2.324049,1
48.87287,2.3051,1
48.87301,2.3561,1
48.873029,2.400131,1
48.873032,2.37018,1
48.87309,2.40072,1
48.87311,2.3418,1
48.87313,2.34558,1
48.87315,2.40945,1
48.873162,2.30549,1
48.87318,2.28398,1
48.87322,2.28491,1
48.87324,2.38879,1
48.87325,2.39657,1
48.87332,2.3703,1
48.87336,2.30334,1
48.87337,2.34915,1
48.87343,2.27948,1
48.873433,2.381363,1
48.87351,2.30083,1
48.87354,2.28612,1
48.87362,2.30387,1
48.873808,2.288185,1
48.87382,2.34993,1
48.873872,2.396371,1
48.87391,2.28002,1
48.873917,2.336978,1
48.87393,2.35524,1
48.87395,2.33697,1
48.87401,2.34238,1
48.87405,2.29874,1
48.87405,2.307025,1
48.87405,2.34792,1
48.87409,2.30807,1
48.87411,2.28603,1
48.87419,2.28616,1
48.87423,2.29955,1
48.87425,2.28603,1
48.87427,2.33112,1
48.87428,2.28594,1
48.8743,2.28599,1
48.87431,2.38264,1
48.87432,2.36589,1
48.87435,2.28845,1
48.87436,2.32276,1
48.874424,2.28577,1
48.87448,2.34273,1
48.874504,2.285958,1
48.87452,2.30394,1
48.87455,2.332255,1
48.87456,2.30812,1
48.87459,2.33088,1
48.87464,2.29956,1
48.87466,2.28605,1
48.87473,2.39283,1
48.874813,2.366489,1
48.87488,2.282,1
48.874951,2.284857,1
48.874954,2.30158,1
48.87497,2.30176,1
48.87502,2.29002,1
48.875046,2.365359,1
48.87512,2.29902,1
48.87513,2.33789,1
48.87515,2.39496,1
48.87519,2.33775,1
48.87521,2.37633,1
48.87523,2.29825,1
48.87536,2.284857,1
48.87545,2.323,1
48.875494,2.32317,1
48.875511,2.288449,1
48.87552,2.31759,1
48.875549,2.317684,1
48.87557,2.31268,1
48.87573,2.37392,1
48.87576,2.29443,1
48.87586,2.30137,1
48.876048,2.300144,1
48.87608,2.29516,1
48.87612,2.39388,1
48.87615,2.28964,1
48.87617,2.30237,1
48.87624,2.37581,1
48.87626,2.34727,1
48.87628,2.33849,1
48.87636,2.31072,1
48.87638,2.40225,1
48.876382,2.395172,1
48.8764,2.29432,1
48.876484,2.362769,1
48.876518,2.295045,1
48.87653,2.34065,1
48.87668,2.31871,1
48.87673,2.38365,1
48.87679,2.30745,1
48.876812,2.405023,1
48.876835,2.361012,1
48.876846,2.337717,1
48.87694,2.29172,1
48.87705,2.28763,1
48.87718,2.31164,1
48.877193,2.336658,1
48.87721,2.32895,1
48.87722,2.33721,1
48.87728,2.29943,1
48.87734,2.35157,1
48.87743,2.29879,1
48.87751,2.28845,1
48.87754,2.28949,1
48.87757,2.31255,1
48.877635,2.385674,1
48.87773,2.34353,1
48.8778,2.30517,1
48.87784,2.31962,1
48.87804,2.38523,1
48.8782,2.31988,1
48.87822,2.29687,1
48.87825,2.35338,1
48.87832,2.32052,1
48.878346,2.35274,1
48.87842,2.28949,1
48.87847,2.36704,1
48.878562,2.360369,1
48.87862,2.29188,1
48.87865,2.29344,1
48.87874,2.31285,1
48.87876,2.39782,1
48.87879,2.29618,1
48.87886,2.32828,1
48.87894,2.30131,1
48.87897,2.36534,1
48.879018,2.337906,1
48.87913,2.34737,1
48.87916,2.338,1
48.87918,2.36259,1
48.87927,2.34307,1
48.879311,2.34343,1
48.87936,2.31761,1
48.87943,2.32699,1
48.879471,2.36495,1
48.879589,2.331347,1
48.8796,2.33133,1
48.87961,2.29638,1
48.8797,2.29144,1
48.87975,2.29962,1
48.87979,2.28793,1
48.87982,2.29505,1
48.87982,2.34605,1
48.8799,2.34469,1
48.87992,2.29301,1
48.87995,2.33731,1
48.87999,2.34448,1
48.88002,2.364036,1
48.88027,2.34339,1
48.8803,2.31674,1
48.88036,2.3338,1
48.88039,2.29046,1
48.88043,2.2857,1
48.88047,2.34524,1
48.88049,2.354835,1
48.88051,2.36595,1
48.88063,2.35762,1
48.88066,2.37129,1
48.88068,2.2963,1
48.88074,2.30229,1
48.88081,2.31077,1
48.88088,2.31135,1
48.88088,2.36541,1
48.8809,2.30392,1
48.88095,2.28847,1
48.88095,2.34494,1
48.88098,2.31709,1
48.88105,2.33582,1
48.88107,2.29401,1
48.88111,2.33175,1
48.88121,2.38849,1
48.881238,2.298745,1
48.88149,2.37239,1
48.8815,2.29416,1
48.88156,2.32824,1
48.88163,2.36626,1
48.88211,2.33784,1
48.88223,2.32011,1
48.88224,2.367909,1
48.88236,2.34688,1
48.88237,2.28852,1
48.8824,2.285,1
48.88245,2.38829,1
48.88247,2.38628,1
48.8825,2.33084,1
48.88254,2.34137,1
48.88256,2.29738,1
48.88256,2.30597,1
48.8826,2.33611,1
48.88273,2.2911,1
48.88275,2.3174,1
48.88275,2.37652,1
48.88277,2.29931,1
48.88278,2.30424,1
48.8828,2.34269,1
48.8828,2.36051,1
48.88296,2.38611,1
48.88299,2.28863,1
48.88307,2.38739,1
48.88309,2.38755,1
48.88311,2.34121,1
48.88312,2.28584,1
48.88333,2.38841,1
48.88336,2.31719,1
48.88337,2.3198,1
48.88363,2.34253,1
48.88366,2.29699,1
48.88371,2.31228,1
48.88372,2.36695,1
48.883728,2.384599,1
48.8838,2.30356,1
48.88383,2.38057,1
48.88385,2.36723,1
48.88396,2.28259,1
48.884,2.30533,1
48.88403,2.33747,1
48.88409,2.34635,1
48.88413,2.32301,1
48.88416,2.33634,1
48.884162,2.299726,1
48.88417,2.31466,1
48.88432,2.33908,1
48.88441,2.33983,1
48.88444,2.31706,1
48.88462,2.35223,1
48.88476,2.38256,1
48.8848,2.29264,1
48.88487,2.34179,1
48.88503,2.34023,1
48.88508,2.3415,1
48.8851,2.3381,1
48.88517,2.30232,1
48.88518,2.29232,1
48.88518,2.38372,1
48.8853,2.30601,1
48.88537,2.31021,1
48.88549,2.33995,1
48.88553,2.32602,1
48.885578,2.383342,1
48.88558,2.30678,1
48.88559,2.31024,1
48.88562,2.33982,1
48.885666,2.381866,1
48.88569,2.3386,1
48.885738,2.394223,1
48.88574,2.33536,1
48.88581,2.33355,1
48.88584,2.33908,1
48.88588,2.38782,1
48.88597,2.36635,1
48.88602,2.31929,1
48.88609,2.34512,1
48.88611,2.31376,1
48.88621,2.30998,1
48.886223,2.336501,1
48.88625,2.29057,1
48.886257,2.35974,1
48.88639,2.33594,1
48.886471,2.310196,1
48.8865,2.34498,1
48.88653,2.31385,1
48.88657,2.31928,1
48.88661,2.34771,1
48.88682,2.31993,1
48.88691,2.29414,1
48.88692,2.34605,1
48.88702,2.34631,1
48.88713,2.33994,1
48.88722,2.35821,1
48.88732,2.32077,1
48.88738,2.31978,1
48.88738,2.3464,1
48.88751,2.3521,1
48.88753,2.30747,1
48.88755,2.38778,1
48.88758,2.31263,1
48.88765,2.35627,1
48.88768,2.30035,1
48.887707,2.359654,1
48.88772,2.30487,1
48.88772,2.32816,1
48.887749,2.324274,1
48.88775,2.38641,1
48.88777,2.33451,1
48.88786,2.32641,1
48.8879,2.33778,1
48.888023,2.303247,1
48.888029,2.312065,1
48.888077,2.325827,1
48.88812,2.34607,1
48.88822,2.30279,1
48.88823,2.3323,1
48.88825,2.33896,1
48.88837,2.35104,1
48.88838,2.3053,1
48.88842,2.32347,1
48.88844,2.38152,1
48.88852,2.3026,1
48.88861,2.34764,1
48.88865,2.31924,1
48.88867,2.34483,1
48.88873,2.30373,1
48.88877,2.30881,1
48.88881,2.38412,1
48.88882,2.31832,1
48.88908,2.33637,1
48.88913,2.37728,1
48.88918,2.35371,1
48.88944,2.30675,1
48.88944,2.35833,1
48.889519,2.35792,1
48.89027,2.37708,1
48.89033,2.36257,1
48.89035,2.33533,1
48.890732,2.340953,1
48.89078,2.33346,1
48.89083,2.34781,1
48.89096,2.3391,1
48.89101,2.33004,1
48.8911,2.34384,1
48.89129,2.32823,1
48.89133,2.3241,1
48.891376,2.363286,1
48.89153,2.32384,1
48.89162,2.33611,1
48.89181,2.36531,1
48.89182,2.33513,1
48.891899,2.343147,1
48.8919,2.34831,1
48.89191,2.34306,1
48.89196,2.348709,1
48.89202,2.3215,1
48.89203,2.32084,1
48.89204,2.37475,1
48.89211,2.37966,1
48.89218,2.33581,1
48.89225,2.30824,1
48.89228,2.32095,1
48.8923,2.33605,1
48.89235,2.35962,1
48.89237,2.32241,1
48.892426,2.335563,1
48.8925,2.34145,1
48.89254,2.34715,1
48.89258,2.31648,1
48.89267,2.38055,1
48.892761,2.380489,1
48.89292,2.37281,1
48.8933,2.37708,1
48.89363,2.35103,1
48.89366,2.33291,1
48.89372,2.33301,1
48.89381,2.32547,1
48.89394,2.338627,1
48.89395,2.342,1
48.89403,2.34739,1
48.894093,2.377856,1
48.89417,2.33251,1
48.89422,2.31454,1
48.89445,2.32775,1
48.89456,2.3411,1
48.89456,2.37815,1
48.89461,2.32082,1
48.89475,2.37442,1
48.89496,2.33581,1
48.895,2.34029,1
48.89572,2.34297,1
48.895725,2.339944,1
48.89587,2.35882,1
48.89599,2.33788,1
48.89609,2.37594,1
48.896168,2.32337,1
48.89643,2.33913,1
48.898216,2.359513,1
48.89832,2.38465,1
48.89847,2.38281,1
